,domain_height,ditch_width,dewatering_depth,stage,elevation,anisotropy,k11,k33,recharge_rate,c0,c1,aquifer_head
0,3.0,2.25,1.0,2.0,1.5,0.10380949005368519,1.8479093683314733,0.19183052919191776,0.0005,2.4343377327065108,,
1,3.0,1.7000000000000002,1.0,2.0,1.5,0.110227165837057,2.2732639564117108,0.25057544311479796,0.0005,1.6686319125763722,,
2,3.0,1.25,1.0,2.0,1.5,0.27616945351676214,1.596395826957089,0.44087576312717885,0.0005,1.342618238750902,,
3,3.0,2.35,1.0,2.0,1.5,0.18229340380345335,0.5301982349536596,0.09665164094028571,0.0005,1.598829049566857,,
4,3.0,2.7,1.0,2.0,1.5,0.2939485925950672,1.2002397311663122,0.35280877975301933,0.0005,1.2111282889969428,,
5,3.0,2.15,1.0,2.0,1.5,0.2700081270261012,0.5442791080246463,0.14695978253717176,0.0005,1.1037480074244965,,
6,3.0,2.8000000000000003,1.0,2.0,1.5,0.24261249358075873,2.3459806838660104,0.5691642236050264,0.0005,1.5297817623246186,,
7,3.0,1.05,1.0,2.0,1.5,0.14374502417352258,1.493053010396642,0.21461894107181598,0.0005,1.7169559031493455,,
8,3.0,2.5500000000000003,1.0,2.0,1.5,0.2443144415707167,1.1093160997883016,0.2710219434451843,0.0005,2.087911071251873,,
9,3.0,1.25,1.0,2.0,1.5,0.22620853755360254,2.465035241915674,0.5576120170918355,0.0005,2.0447380830803548,,
10,3.0,2.95,1.0,2.0,1.5,0.10389382302396827,2.042334923193264,0.2121859830659108,0.0005,2.0650306856675975,,
11,3.0,2.9000000000000004,1.0,2.0,1.5,0.2466734283955273,2.433104836832656,0.6001823117472513,0.0005,1.9209237125898988,,
12,3.0,1.5,1.0,2.0,1.5,0.2804429748936903,2.0990649333964555,0.5886680144167279,0.0005,1.5617801267567561,,
13,3.0,1.5,1.0,2.0,1.5,0.16217591813852178,1.6509892257681704,0.26775069352576025,0.0005,1.4351361229889577,,
14,3.0,2.7,1.0,2.0,1.5,0.1042415721428131,2.022762219666496,0.21085591384912178,0.0005,1.692580240191942,,
15,3.0,1.8,1.0,2.0,1.5,0.1816391551642072,0.824118961459525,0.14969227191431195,0.0005,1.0846940655949795,,
16,3.0,2.95,1.0,2.0,1.5,0.14341254588833993,2.4993215126821764,0.3584340611272478,0.0005,2.1092179804653037,,
17,3.0,2.1,1.0,2.0,1.5,0.2207226638333158,2.1933946663416117,0.4841319135927074,0.0005,2.372131848242317,,
18,3.0,1.5,1.0,2.0,1.5,0.15863486769791685,1.7822166840741624,0.2827217078871248,0.0005,1.4955658324593262,,
19,3.0,1.7000000000000002,1.0,2.0,1.5,0.28903928003978296,1.5357593526305109,0.443894777598686,0.0005,1.9704150704641505,,
20,3.0,2.3000000000000003,1.0,2.0,1.5,0.12217354607196806,1.8800289830670207,0.22968980757937393,0.0005,2.053586080796662,,
21,3.0,1.6500000000000001,1.0,2.0,1.5,0.19864549879250765,1.476081826756533,0.2932170107346074,0.0005,1.2988118745504846,,
22,3.0,1.4500000000000002,1.0,2.0,1.5,0.18758724015774064,1.044966527721409,0.19602238699247632,0.0005,1.0168262710369744,,
23,3.0,2.7,1.0,2.0,1.5,0.2310508319566751,1.8938431839902976,0.4375740432564368,0.0005,1.276567898301999,,
24,3.0,2.0500000000000003,1.0,2.0,1.5,0.27691719418192084,2.3996814224097047,0.6645130464241762,0.0005,2.4878077931353015,,
25,3.0,1.1500000000000001,1.0,2.0,1.5,0.24117293032658818,2.1341222104031146,0.5146925071579747,0.0005,2.055653025581153,,
26,3.0,1.85,1.0,2.0,1.5,0.1983324315687731,1.7275376576435677,0.34262674426707146,0.0005,1.7868925123446273,,
27,3.0,1.25,1.0,2.0,1.5,0.10799908725105739,2.1946943793795533,0.2370249897680176,0.0005,1.07939195412713,,
28,3.0,2.25,1.0,2.0,1.5,0.2547435810019886,1.579973188842986,0.4024880280129934,0.0005,2.43779970178833,,
29,3.0,2.35,1.0,2.0,1.5,0.282500622212032,1.3667895327621835,0.3861188934382093,0.0005,1.378292499953573,,
30,3.0,2.1,1.0,2.0,1.5,0.19773985602929264,0.8172877464738999,0.16161036132225398,0.0005,1.8899761633614882,,
31,3.0,1.9500000000000002,1.0,2.0,1.5,0.25851547619809,0.5524301338816608,0.14281173912659217,0.0005,1.3352930218489871,,
32,3.0,1.35,1.0,2.0,1.5,0.14062454667006827,1.0175798714543745,0.14309670812385775,0.0005,1.095056999411623,,
33,3.0,2.15,1.0,2.0,1.5,0.13533150527618762,0.9670129341999929,0.13086731600682802,0.0005,1.0037748939963664,,
34,3.0,2.0500000000000003,1.0,2.0,1.5,0.23010831014073033,1.687276323276213,0.388256303489554,0.0005,2.152065914462977,,
35,3.0,1.85,1.0,2.0,1.5,0.2925623067631341,0.7366949293082217,0.21552916789911733,0.0005,1.959143546716975,,
36,3.0,1.7000000000000002,1.0,2.0,1.5,0.2131299920937529,2.184669659171899,0.46561862718676866,0.0005,1.2846806836518887,,
37,3.0,2.3000000000000003,1.0,2.0,1.5,0.21358526962671315,0.8662239050603924,0.18501266631942828,0.0005,1.403609012247442,,
38,3.0,1.1500000000000001,1.0,2.0,1.5,0.1772489979176071,1.1623840831899896,0.2060314139408021,0.0005,1.9352751077274069,,
39,3.0,1.1500000000000001,1.0,2.0,1.5,0.24904229252692858,2.4064680919466426,0.5993123305112954,0.0005,2.393192699598104,,
40,3.0,1.6,1.0,2.0,1.5,0.1327621029655503,1.3647147151580643,0.18118239553241658,0.0005,2.2779859096264587,,
41,3.0,1.7000000000000002,1.0,2.0,1.5,0.2159285952440712,0.5717696686551901,0.12346142135588324,0.0005,1.2105360979170157,,
42,3.0,2.0,1.0,2.0,1.5,0.22949105812693457,1.8055684399438892,0.41436181180332166,0.0005,1.4068249526748193,,
43,3.0,2.8000000000000003,1.0,2.0,1.5,0.16603628233286616,2.274876392336646,0.37771201895037937,0.0005,1.1938314208727652,,
44,3.0,2.4000000000000004,1.0,2.0,1.5,0.28661684481996014,1.7453792601558191,0.5002550965600573,0.0005,1.6065083015256412,,
45,3.0,1.6500000000000001,1.0,2.0,1.5,0.10583105362318201,1.0511863198975337,0.11124815578903126,0.0005,1.8603496288198986,,
46,3.0,2.0,1.0,2.0,1.5,0.23649329605738392,1.764880442215849,0.41738239292683943,0.0005,1.8016349955407085,,
47,3.0,1.5,1.0,2.0,1.5,0.10707051783904323,1.022215936953227,0.10944918971290479,0.0005,1.5861269778512213,,
48,3.0,2.4000000000000004,1.0,2.0,1.5,0.19434516743125435,1.6396524176694052,0.31865852364102154,0.0005,1.0854371997421928,,
49,3.0,1.05,1.0,2.0,1.5,0.2754942308999016,1.3308266545616858,0.36663506565956067,0.0005,1.662478779646349,,
50,3.0,1.9000000000000001,1.0,2.0,1.5,0.18454877876358675,2.4803655544955348,0.4577484339694176,0.0005,1.8851544000306415,,
51,3.0,1.6500000000000001,1.0,2.0,1.5,0.13130025397319725,0.6108956388395872,0.08021075253075638,0.0005,1.239822873536093,,
52,3.0,2.25,1.0,2.0,1.5,0.12482019892571508,0.7233295746473809,0.09028614139633896,0.0005,1.3751624820446067,,
53,3.0,2.75,1.0,2.0,1.5,0.2724387013337407,2.3090242946548667,0.6290675801838286,0.0005,1.9010227751628532,,
54,3.0,2.25,1.0,2.0,1.5,0.17919869567845154,2.4670411873578972,0.44209056295955357,0.0005,1.4946930863709476,,
55,3.0,1.4500000000000002,1.0,2.0,1.5,0.1947524963627078,1.8046010407576223,0.3514505576262876,0.0005,1.0954648950082122,,
56,3.0,1.4500000000000002,1.0,2.0,1.5,0.2194531188640354,2.0025274048333004,0.4394608846013706,0.0005,1.1584592436131587,,
57,3.0,1.6500000000000001,1.0,2.0,1.5,0.22263445937690163,2.0160179015897444,0.4488350556145884,0.0005,1.2702772468712094,,
58,3.0,2.8000000000000003,1.0,2.0,1.5,0.13332724425449727,1.2901834404541423,0.17201660269853708,0.0005,2.498398892364542,,
59,3.0,1.4500000000000002,1.0,2.0,1.5,0.2910925613381489,2.1616795053696864,0.6292488240102448,0.0005,1.8782621299199145,,
60,3.0,2.95,1.0,2.0,1.5,0.17543422744349507,1.9262854460520193,0.3379363990637843,0.0005,1.4440346491583462,,
61,3.0,1.35,1.0,2.0,1.5,0.2146661874005691,1.7056193735353178,0.3661388080733738,0.0005,2.456858510629562,,
62,3.0,2.75,1.0,2.0,1.5,0.15938991689073512,0.5577989848190215,0.08890753383204025,0.0005,2.1565566922203634,,
63,3.0,1.4000000000000001,1.0,2.0,1.5,0.14966035795007332,2.326870644966005,0.3482402936291303,0.0005,2.4047969272655485,,
64,3.0,2.1,1.0,2.0,1.5,0.10978665571746854,1.8024509366402264,0.19788506042854923,0.0005,2.3411952322169562,,
65,3.0,1.85,1.0,2.0,1.5,0.12801374668578425,1.010310840623389,0.12933367602546425,0.0005,1.8670651515753365,,
66,3.0,2.75,1.0,2.0,1.5,0.14805121442557592,0.5443508179592003,0.0805917996724152,0.0005,1.295142084116415,,
67,3.0,1.3,1.0,2.0,1.5,0.14611105488959203,2.3172166776640144,0.3385709731812449,0.0005,1.3178822359658682,,
68,3.0,2.1,1.0,2.0,1.5,0.27168279399822504,1.6086560514916002,0.4370441706513905,0.0005,2.3638522757427847,,
69,3.0,1.1,1.0,2.0,1.5,0.24495570568179756,2.163420778367831,0.5299422634517558,0.0005,2.3619118004679898,,
70,3.0,2.3000000000000003,1.0,2.0,1.5,0.1628098375615839,1.1497765048039097,0.18719492597925022,0.0005,1.9579786123609542,,
71,3.0,2.0500000000000003,1.0,2.0,1.5,0.25242054820169346,0.9355880064594873,0.2361616374814333,0.0005,1.191786914448988,,
72,3.0,2.6500000000000004,1.0,2.0,1.5,0.20535235360029955,1.4702766715628968,0.30192477494905545,0.0005,2.482076180334548,,
73,3.0,1.6500000000000001,1.0,2.0,1.5,0.16471309931058215,2.4571893198407118,0.40473126846382496,0.0005,1.2270669274594943,,
74,3.0,2.6500000000000004,1.0,2.0,1.5,0.25635472505499934,0.5932630091232707,0.1520857755890976,0.0005,1.1586480511895028,,
75,3.0,1.9500000000000002,1.0,2.0,1.5,0.15530694311153875,1.6759260031116812,0.2602829444244144,0.0005,1.69085179592199,,
76,3.0,2.6500000000000004,1.0,2.0,1.5,0.24505325105397519,2.018373817616392,0.49460906584912,0.0005,1.3444803982251048,,
77,3.0,1.55,1.0,2.0,1.5,0.18531727270433312,1.4234427433401895,0.26378852704657796,0.0005,1.4469503163393143,,
78,3.0,1.05,1.0,2.0,1.5,0.25608636312563104,0.6440168671379776,0.16492393729692742,0.0005,2.0783472424754286,,
79,3.0,2.35,1.0,2.0,1.5,0.28921634069989577,1.1460120841501493,0.3314454213757672,0.0005,1.4852357875163453,,
80,3.0,2.1,1.0,2.0,1.5,0.22283180293464527,1.6537117650922761,0.3684995741497465,0.0005,1.4726920664498686,,
81,3.0,1.55,1.0,2.0,1.5,0.28516192341955704,1.628098534339328,0.4642717095687645,0.0005,1.2763406298631657,,
82,3.0,1.3,1.0,2.0,1.5,0.2530900427067122,1.165945069566831,0.2950890874503498,0.0005,1.2956999287267759,,
83,3.0,2.5,1.0,2.0,1.5,0.2603666772068669,2.475188714412856,0.644456661031612,0.0005,1.4265396455827803,,
84,3.0,1.05,1.0,2.0,1.5,0.22614034584694398,1.5844732097837586,0.3583133196457166,0.0005,2.4653650087191825,,
85,3.0,2.0500000000000003,1.0,2.0,1.5,0.17364299215350737,1.9490512865244216,0.33843909725274357,0.0005,2.35741880211277,,
86,3.0,1.9000000000000001,1.0,2.0,1.5,0.2822001466179572,0.5711471541545596,0.16117781064284575,0.0005,2.3165338471356134,,
87,3.0,2.35,1.0,2.0,1.5,0.13730741370868813,2.277287372925315,0.31268843944782776,0.0005,2.013277605433128,,
88,3.0,2.25,1.0,2.0,1.5,0.2829632887795551,1.8568556517086559,0.5254219819963855,0.0005,1.6821133170403044,,
89,3.0,2.8000000000000003,1.0,2.0,1.5,0.23908228136213489,1.20135498539648,0.2872226906343647,0.0005,2.072417255568247,,
90,3.0,2.75,1.0,2.0,1.5,0.22966388228772133,1.7575876264670443,0.4036543977552828,0.0005,2.3286773140021264,,
91,3.0,1.8,1.0,2.0,1.5,0.1891723341556894,2.482811924928632,0.46967932710832955,0.0005,1.4349061748098573,,
92,3.0,1.2000000000000002,1.0,2.0,1.5,0.16322156000914406,1.7906509168160933,0.2922728360745268,0.0005,1.6943206837592948,,
93,3.0,1.6,1.0,2.0,1.5,0.22265529687127428,1.1463154150678834,0.2552331990500576,0.0005,1.174014033900204,,
94,3.0,2.7,1.0,2.0,1.5,0.27428635795503803,2.440983704090856,0.6695285300226791,0.0005,2.0370580408394634,,
95,3.0,1.4500000000000002,1.0,2.0,1.5,0.17285651764021556,1.8019284344060076,0.31147507420830806,0.0005,1.6379522434348945,,
96,3.0,2.6500000000000004,1.0,2.0,1.5,0.251526287806705,1.6980030653861644,0.4270924077209877,0.0005,1.4794888559216257,,
97,3.0,1.9500000000000002,1.0,2.0,1.5,0.2201423228811527,0.6920585137620339,0.15235136878925232,0.0005,1.1511421519241414,,
98,3.0,1.1500000000000001,1.0,2.0,1.5,0.21943204657088997,1.8870317221507855,0.4140752327357379,0.0005,2.4435282596882724,,
99,3.0,2.6500000000000004,1.0,2.0,1.5,0.21888724622571182,2.460689446085653,0.5386135366703608,0.0005,1.4192925224100552,,
100,3.0,1.05,1.0,2.0,1.5,0.12395511929165677,0.8964948365255461,0.11112512440587839,0.0005,2.2463072410146396,,
101,3.0,1.2000000000000002,1.0,2.0,1.5,0.2877356859789107,1.0605499867283337,0.3051580779462017,0.0005,2.2080501250364732,,
102,3.0,2.3000000000000003,1.0,2.0,1.5,0.21149277762294283,0.6743024197408716,0.1426100917088684,0.0005,1.4078529165731155,,
103,3.0,2.75,1.0,2.0,1.5,0.24347084722837264,0.9436756839200475,0.22975751827282798,0.0005,1.9298112831624503,,
104,3.0,1.8,1.0,2.0,1.5,0.15702942842769946,2.316073818152828,0.3636917478608981,0.0005,2.2931580207064233,,
105,3.0,2.95,1.0,2.0,1.5,0.25426732236591276,1.7580598072814388,0.44701715975658407,0.0005,1.0223912308640277,,
106,3.0,1.9000000000000001,1.0,2.0,1.5,0.13240493918732563,1.5963512856498554,0.2113647948980782,0.0005,1.9285822762018918,,
107,3.0,1.8,1.0,2.0,1.5,0.29265131059643157,2.218882323853207,0.6493588201348968,0.0005,1.483760435938049,,
108,3.0,2.4000000000000004,1.0,2.0,1.5,0.19578739898112596,1.2073197154887951,0.2363779868341842,0.0005,2.209350354639347,,
109,3.0,2.1,1.0,2.0,1.5,0.23354222598200575,2.411620825159863,0.5632152957323959,0.0005,1.1383636267777708,,
110,3.0,1.5,1.0,2.0,1.5,0.20901164924091103,0.7016641567809976,0.14665598262202947,0.0005,2.1960791263569104,,
111,3.0,1.4500000000000002,1.0,2.0,1.5,0.21216418283323377,0.6474962785021203,0.1373755188159623,0.0005,1.89944405668852,,
112,3.0,2.6,1.0,2.0,1.5,0.2557692293458747,1.783249091893219,0.4561002459652595,0.0005,1.1516808081742815,,
113,3.0,2.9000000000000004,1.0,2.0,1.5,0.22260639946585414,1.202202273448422,0.2676179195220174,0.0005,1.7943922436517976,,
114,3.0,2.1,1.0,2.0,1.5,0.23372002544494455,1.5970932957990385,0.37327268573210165,0.0005,1.7906651344621358,,
115,3.0,1.3,1.0,2.0,1.5,0.11661761209481498,2.4817117377783227,0.28941129676738164,0.0005,2.1471494815807906,,
116,3.0,2.4000000000000004,1.0,2.0,1.5,0.2971710862643304,1.9663767438261441,0.5843503129677322,0.0005,1.2646844407122138,,
117,3.0,1.4000000000000001,1.0,2.0,1.5,0.1524570913970909,1.8031437717075882,0.274902054805319,0.0005,1.545580087032339,,
118,3.0,1.1500000000000001,1.0,2.0,1.5,0.2908052205550315,1.409363527914967,0.4098502715775293,0.0005,1.1536619633606557,,
119,3.0,1.1,1.0,2.0,1.5,0.10136826872329166,1.3131261152473754,0.133109320917968,0.0005,2.1543361966699814,,
120,3.0,1.4500000000000002,1.0,2.0,1.5,0.10439306450424324,1.3367665478918782,0.1395491564611914,0.0005,1.0846392806370002,,
121,3.0,1.05,1.0,2.0,1.5,0.19029458937462068,2.383770816675239,0.45361868872241884,0.0005,2.1516256941373353,,
122,3.0,2.6500000000000004,1.0,2.0,1.5,0.14064481543468493,2.273405703460294,0.3197427255713331,0.0005,2.0342795793297475,,
123,3.0,2.45,1.0,2.0,1.5,0.21339227026574553,0.7074619075076762,0.1509669025695979,0.0005,2.241485578167386,,
124,3.0,2.5,1.0,2.0,1.5,0.1941208245697656,1.5707010416183564,0.30490578135154506,0.0005,2.201337545910694,,
125,3.0,2.5,1.0,2.0,1.5,0.19219560631015342,0.8971926991096157,0.17243649478241566,0.0005,1.5747599442617286,,
126,3.0,2.1,1.0,2.0,1.5,0.10698620803838801,0.9868444909010297,0.10557875000507466,0.0005,2.1477033098632443,,
127,3.0,1.85,1.0,2.0,1.5,0.20321418930143484,2.1305274258192197,0.4329534036223256,0.0005,1.404702228998063,,
128,3.0,2.4000000000000004,1.0,2.0,1.5,0.10208936041959014,2.4783545487971055,0.2530136307796784,0.0005,1.1154649544394943,,
129,3.0,2.5,1.0,2.0,1.5,0.26521870035218087,0.755665643981142,0.2004166599974723,0.0005,2.231385079645138,,
130,3.0,1.35,1.0,2.0,1.5,0.17628928093758245,1.3119443196313596,0.23128172073795822,0.0005,2.3994715893052914,,
131,3.0,2.1,1.0,2.0,1.5,0.23291026683635238,0.5074717461531408,0.11819537980843771,0.0005,1.2102222277949153,,
132,3.0,1.9500000000000002,1.0,2.0,1.5,0.20940319355456988,2.3316419959207586,0.48825328017175823,0.0005,2.376045217984681,,
133,3.0,2.75,1.0,2.0,1.5,0.2750786367182547,1.2985875062819319,0.35721368088739186,0.0005,1.7582908178774885,,
134,3.0,2.3000000000000003,1.0,2.0,1.5,0.27861250054446984,0.5460477228772465,0.15213572148744334,0.0005,1.8543816417572612,,
135,3.0,2.75,1.0,2.0,1.5,0.291457393189714,0.5261870743509851,0.15336111302046032,0.0005,2.169744573576496,,
136,3.0,1.0,1.0,2.0,1.5,0.24296849880051288,1.7891160510938215,0.4346988411141675,0.0005,2.135208143976973,,
137,3.0,2.6,1.0,2.0,1.5,0.16096874528482086,0.8234700892338584,0.13255294704355366,0.0005,1.3543681931944547,,
138,3.0,2.8000000000000003,1.0,2.0,1.5,0.16794146089446424,1.997937633349302,0.3355365649207102,0.0005,1.0997258942455053,,
139,3.0,1.1,1.0,2.0,1.5,0.294449927984037,2.0200186750766775,0.5947943534027376,0.0005,2.110857666153901,,
140,3.0,1.35,1.0,2.0,1.5,0.12763224283664887,2.2909303049013756,0.2923965729970104,0.0005,1.9136372791647154,,
141,3.0,1.5,1.0,2.0,1.5,0.11255469646618038,1.5022487579442934,0.16908515296711643,0.0005,2.148737892794763,,
142,3.0,1.0,1.0,2.0,1.5,0.18188212266464746,1.126713251745707,0.2049289978618965,0.0005,1.0411824606138396,,
143,3.0,1.85,1.0,2.0,1.5,0.21692636335394516,1.1297233400034938,0.24506677574303043,0.0005,1.0388770237589937,,
144,3.0,2.2,1.0,2.0,1.5,0.29791374196228104,1.4076274521150378,0.4193515615484225,0.0005,1.53418251080767,,
145,3.0,1.05,1.0,2.0,1.5,0.2780052527495802,1.7225335370999182,0.47887337135109115,0.0005,1.9051338544907015,,
146,3.0,1.6500000000000001,1.0,2.0,1.5,0.11363392161420481,1.5514929791419985,0.17630223157681096,0.0005,2.202379036791674,,
147,3.0,2.1,1.0,2.0,1.5,0.15054335302840147,0.5859984153221569,0.08821816631192729,0.0005,2.454216677994414,,
148,3.0,2.5500000000000003,1.0,2.0,1.5,0.22371575511366543,0.7977056741005804,0.17845932723986682,0.0005,2.456257830596975,,
149,3.0,2.3000000000000003,1.0,2.0,1.5,0.2909227701493624,0.6567448603682537,0.1910620340596886,0.0005,1.5652927615926233,,
150,3.0,1.9000000000000001,1.0,2.0,1.5,0.12292092944849042,1.6982100032013043,0.20874555199222822,0.0005,2.306382522750092,,
151,3.0,1.6,1.0,2.0,1.5,0.17418110170416115,1.3089008820063501,0.22798579764941432,0.0005,1.9307026577797786,,
152,3.0,1.2000000000000002,1.0,2.0,1.5,0.21288894575355422,1.27557038574478,0.2715548346556607,0.0005,1.4144497915563101,,
153,3.0,2.35,1.0,2.0,1.5,0.14219308452316712,1.4360409832704477,0.2041950969129068,0.0005,1.8135222058476899,,
154,3.0,2.15,1.0,2.0,1.5,0.14800728080152403,2.44356606846468,0.36166556925232796,0.0005,1.513395293543069,,
155,3.0,1.9000000000000001,1.0,2.0,1.5,0.24573831803539695,0.9898007440381227,0.2432319700301127,0.0005,1.3198222583273456,,
156,3.0,1.6500000000000001,1.0,2.0,1.5,0.16612343836863563,1.0908927290317276,0.18122285103809493,0.0005,2.1918272944840567,,
157,3.0,1.9000000000000001,1.0,2.0,1.5,0.1946145118237974,1.017432255596409,0.19800708173668022,0.0005,1.0978924063673274,,
158,3.0,1.6,1.0,2.0,1.5,0.26022047756245587,1.3099274811193748,0.3408699547090686,0.0005,2.3681514698761625,,
159,3.0,1.6,1.0,2.0,1.5,0.2232900812235825,1.9643346391810028,0.4386164411330227,0.0005,2.0657693521837133,,
160,3.0,1.85,1.0,2.0,1.5,0.2206598383177908,1.2354758308634721,0.272619897083872,0.0005,1.150499959163548,,
161,3.0,1.3,1.0,2.0,1.5,0.27010774948095606,2.3768223376208013,0.6419981325308197,0.0005,1.985321253286405,,
162,3.0,2.0500000000000003,1.0,2.0,1.5,0.15783397049521336,1.221663635668093,0.19282002222711286,0.0005,1.6213368221112896,,
163,3.0,2.5,1.0,2.0,1.5,0.2668050279012696,1.8645683142872373,0.49747620111722957,0.0005,1.478651988211257,,
164,3.0,1.7000000000000002,1.0,2.0,1.5,0.29421117425620047,2.4418858880150487,0.7184301145125523,0.0005,1.4175547993773578,,
165,3.0,1.5,1.0,2.0,1.5,0.20122434747920293,2.423443333084001,0.48765580335265274,0.0005,1.686795884366701,,
166,3.0,2.7,1.0,2.0,1.5,0.1061508485613672,1.5513479609772056,0.16467690247167713,0.0005,1.0195511733478133,,
167,3.0,2.0,1.0,2.0,1.5,0.11400423139030069,0.8699319001583776,0.09917591763945964,0.0005,2.417635683480854,,
168,3.0,2.15,1.0,2.0,1.5,0.10850098892900713,1.058726586655735,0.1148728816575794,0.0005,2.0138782224823917,,
169,3.0,1.85,1.0,2.0,1.5,0.16007501308377922,1.6172213157617825,0.258876723279934,0.0005,1.5810034117041067,,
170,3.0,1.1,1.0,2.0,1.5,0.10210837123394377,1.5937877179004416,0.16273906796747833,0.0005,1.5778003041006874,,
171,3.0,1.5,1.0,2.0,1.5,0.19657753262093508,1.1737590223796626,0.23073465251095499,0.0005,2.149849466626573,,
172,3.0,1.9500000000000002,1.0,2.0,1.5,0.1210159685539059,1.4567569792578883,0.17629085679255554,0.0005,1.3515719788343783,,
173,3.0,2.75,1.0,2.0,1.5,0.13853181741310355,2.052797581862874,0.28437777979668816,0.0005,1.7989567036784182,,
174,3.0,1.0,1.0,2.0,1.5,0.2186725084449604,1.252123625332118,0.27380501403457197,0.0005,1.4945345076154615,,
175,3.0,2.4000000000000004,1.0,2.0,1.5,0.22188250311691637,0.6206892030302456,0.1377200740259948,0.0005,2.1298344280704717,,
176,3.0,1.6500000000000001,1.0,2.0,1.5,0.1683240127998621,1.9026802434994403,0.3202667736608445,0.0005,1.6556549150353856,,
177,3.0,2.3000000000000003,1.0,2.0,1.5,0.1649051581971623,0.8647302524270499,0.14259847907435477,0.0005,1.0886246709443435,,
178,3.0,1.3,1.0,2.0,1.5,0.12995093186871942,2.2491525966623422,0.2922794758512214,0.0005,1.8070769320488838,,
179,3.0,2.1,1.0,2.0,1.5,0.24493115017051428,2.2564697670767817,0.5526797353751086,0.0005,2.17467393139289,,
180,3.0,1.7000000000000002,1.0,2.0,1.5,0.17409036777293535,1.7200401176740994,0.299442416670087,0.0005,1.2721518525947904,,
181,3.0,1.25,1.0,2.0,1.5,0.10126538658274338,2.059281524093125,0.20853393961999125,0.0005,1.5496556068971632,,
182,3.0,2.6500000000000004,1.0,2.0,1.5,0.25440985182641074,2.15442787446071,0.5481076763122383,0.0005,2.2002772883701525,,
183,3.0,1.6,1.0,2.0,1.5,0.22672587250843781,2.369163872736956,0.5371507461617558,0.0005,1.2646862045766298,,
184,3.0,2.3000000000000003,1.0,2.0,1.5,0.28342237525764624,1.2029350495531712,0.34093870902503415,0.0005,1.6911267483276218,,
185,3.0,1.5,1.0,2.0,1.5,0.12849456916112206,2.4169898217094845,0.31057006580737745,0.0005,1.5571440549902151,,
186,3.0,1.55,1.0,2.0,1.5,0.1316436096875101,1.3094471321678567,0.1723803471735348,0.0005,1.0337626917832938,,
187,3.0,2.8000000000000003,1.0,2.0,1.5,0.19501738356819592,0.9146577772566955,0.1783741665809025,0.0005,2.051951867174242,,
188,3.0,1.8,1.0,2.0,1.5,0.1245690207096567,1.2493961871029666,0.15563605950579557,0.0005,1.1950809711188757,,
189,3.0,1.35,1.0,2.0,1.5,0.2180722715934722,2.477116635843318,0.5401904517803322,0.0005,1.5406820226688103,,
190,3.0,2.4000000000000004,1.0,2.0,1.5,0.2416656459112431,0.6564877328561758,0.15865053199349533,0.0005,1.5697138136947495,,
191,3.0,1.35,1.0,2.0,1.5,0.1983539656532184,0.6905687773146931,0.13697705553666367,0.0005,2.2927251268691324,,
192,3.0,1.8,1.0,2.0,1.5,0.26657809875792576,0.9837686899636631,0.26225118698808864,0.0005,1.3546721517483764,,
193,3.0,1.85,1.0,2.0,1.5,0.2589981459446096,2.1647846974999023,0.5606752230217373,0.0005,1.6436828859559787,,
194,3.0,1.9500000000000002,1.0,2.0,1.5,0.17501580064732494,1.507572067212839,0.2638489323767978,0.0005,1.3395990383250946,,
195,3.0,2.3000000000000003,1.0,2.0,1.5,0.2491737896290819,1.1329715692626663,0.28230681945518643,0.0005,2.2185845813753478,,
196,3.0,2.25,1.0,2.0,1.5,0.19053351252142078,2.2723679296265082,0.43296224337276734,0.0005,1.9273099298793304,,
197,3.0,1.8,1.0,2.0,1.5,0.24186300702366176,0.9937369463050685,0.24034820602385495,0.0005,2.013314444969552,,
198,3.0,1.1,1.0,2.0,1.5,0.28965809704338097,2.0308777275248078,0.5882601778826217,0.0005,1.4141057220667426,,
199,3.0,2.9000000000000004,1.0,2.0,1.5,0.1064989321586108,0.9517458065510682,0.10135991208412452,0.0005,2.4851621342269596,,
200,3.0,1.5,1.0,2.0,1.5,0.24291852100623423,1.1785907733226486,0.28630152752713167,0.0005,2.155772208507775,,
201,3.0,1.9500000000000002,1.0,2.0,1.5,0.15564444866328508,0.9103861492548135,0.1416965502714566,0.0005,1.6596676426333987,,
202,3.0,1.3,1.0,2.0,1.5,0.25119913996935656,0.5731377595052869,0.14397171227169198,0.0005,1.7021266214568576,,
203,3.0,2.6500000000000004,1.0,2.0,1.5,0.17286564451863445,0.6654202790967394,0.11502830542182747,0.0005,2.4612017580072747,,
204,3.0,2.6,1.0,2.0,1.5,0.12767798715570663,2.344490366235505,0.29933981086689476,0.0005,2.0770185763931766,,
205,3.0,1.1,1.0,2.0,1.5,0.1835605308353021,1.404189329788647,0.2577537387692711,0.0005,1.2544603732156647,,
206,3.0,1.4500000000000002,1.0,2.0,1.5,0.2033937431646095,0.726031862087124,0.14767033808667168,0.0005,1.379984987438999,,
207,3.0,2.45,1.0,2.0,1.5,0.18770199703467294,2.020231631888575,0.3792015117781018,0.0005,1.4272520426495592,,
208,3.0,1.3,1.0,2.0,1.5,0.22978559164513723,0.501567701374455,0.11525303101042067,0.0005,1.5000470362606877,,
209,3.0,2.75,1.0,2.0,1.5,0.2263194060835518,0.6374328972698629,0.14426343472823305,0.0005,2.0558175168169015,,
210,3.0,1.6,1.0,2.0,1.5,0.1142336853838437,2.2899869401109427,0.26159364764974435,0.0005,2.4915610209237093,,
211,3.0,1.6500000000000001,1.0,2.0,1.5,0.28239415692778025,1.494548804720266,0.4220518496964012,0.0005,1.042069542257617,,
212,3.0,2.15,1.0,2.0,1.5,0.25375847586099454,1.2041152721818198,0.3055544562298052,0.0005,1.5408234478536107,,
213,3.0,1.05,1.0,2.0,1.5,0.27598358110114585,0.651688473931473,0.17985531879794864,0.0005,1.5452929650049865,,
214,3.0,1.85,1.0,2.0,1.5,0.17775563929214439,0.999889937081794,0.17773607498775632,0.0005,1.951433949011869,,
215,3.0,1.85,1.0,2.0,1.5,0.13536408227272273,1.6667026440072512,0.22561167382756206,0.0005,2.4339775987072216,,
216,3.0,1.75,1.0,2.0,1.5,0.25757120351805984,2.122583618128112,0.5467164170889758,0.0005,1.5944206805682728,,
217,3.0,2.85,1.0,2.0,1.5,0.1778059718132424,1.6070582759825627,0.2857445585215935,0.0005,2.4356601589783224,,
218,3.0,1.8,1.0,2.0,1.5,0.2488767176343474,1.7694367930975263,0.44037162112755823,0.0005,2.494780008722004,,
219,3.0,2.6500000000000004,1.0,2.0,1.5,0.1735376314906269,1.8422996926958506,0.3197083251663477,0.0005,1.5638959646671753,,
220,3.0,2.1,1.0,2.0,1.5,0.24779433200456888,2.377941746188026,0.58924048654244,0.0005,1.0064727986247,,
221,3.0,2.3000000000000003,1.0,2.0,1.5,0.20649307787781435,1.7534693230583147,0.36207927748263896,0.0005,2.0550109969634587,,
222,3.0,2.25,1.0,2.0,1.5,0.2989760441835539,1.69745959431565,0.5074997546699133,0.0005,2.2079360963212094,,
223,3.0,1.6,1.0,2.0,1.5,0.11489819826934178,1.042532576836478,0.11978511471560543,0.0005,1.4759898146845576,,
224,3.0,2.25,1.0,2.0,1.5,0.2685394617422563,2.0017609040686297,0.5375517957152821,0.0005,1.0370462016684892,,
225,3.0,2.85,1.0,2.0,1.5,0.12071852861794417,2.486364581131391,0.3001502738419526,0.0005,1.1416480523322545,,
226,3.0,1.05,1.0,2.0,1.5,0.1961730190375744,2.4063570170076707,0.4720623209086465,0.0005,1.1351356928334897,,
227,3.0,1.3,1.0,2.0,1.5,0.18174660252252078,1.6599303544536763,0.30168670234595935,0.0005,1.3621433778610554,,
228,3.0,1.3,1.0,2.0,1.5,0.16402267167631743,0.9905139220229318,0.1624667398227888,0.0005,1.1983597596560045,,
229,3.0,2.3000000000000003,1.0,2.0,1.5,0.17831398175888113,2.226734523991446,0.39705789929288154,0.0005,1.670437916478351,,
230,3.0,1.2000000000000002,1.0,2.0,1.5,0.2065885043865084,2.3687300800994047,0.4893524045430702,0.0005,1.9626194889522766,,
231,3.0,2.35,1.0,2.0,1.5,0.2716985800898154,1.3099545586674124,0.35591279357211675,0.0005,2.0907414969973375,,
232,3.0,1.2000000000000002,1.0,2.0,1.5,0.24906733455251825,1.8123795633353739,0.4514045470373985,0.0005,1.89842233265683,,
233,3.0,1.7000000000000002,1.0,2.0,1.5,0.2555070052265041,1.9944454323076208,0.5095947794966005,0.0005,1.8914787318965924,,
234,3.0,1.0,1.0,2.0,1.5,0.1328782222746417,1.7478878609391568,0.23225623169702128,0.0005,2.167739975500781,,
235,3.0,2.0,1.0,2.0,1.5,0.15815219350271945,0.6011820451985899,0.09507825914260801,0.0005,1.328305230868061,,
236,3.0,1.35,1.0,2.0,1.5,0.2302481268843796,1.7451605160024992,0.4018199399221528,0.0005,1.2813784202790006,,
237,3.0,1.25,1.0,2.0,1.5,0.28671016409989136,1.3634645090120237,0.3909191331232151,0.0005,1.588416565002494,,
238,3.0,2.3000000000000003,1.0,2.0,1.5,0.1868872837022943,1.3667922313511103,0.2554360875026068,0.0005,2.2442617426918963,,
239,3.0,1.6,1.0,2.0,1.5,0.20122815425452856,0.6488056824865855,0.1305579699566253,0.0005,2.1801967283531387,,
240,3.0,2.85,1.0,2.0,1.5,0.20075100523273787,1.655762709975482,0.3323960284544602,0.0005,1.206841594243736,,
241,3.0,2.7,1.0,2.0,1.5,0.18837680602579832,1.0805099304901733,0.20354300958489618,0.0005,1.0901884641365163,,
242,3.0,1.3,1.0,2.0,1.5,0.23350948998139046,0.9500400240921361,0.2218433614876626,0.0005,1.4578058242290401,,
243,3.0,1.9500000000000002,1.0,2.0,1.5,0.14397284647896313,1.7373564076416788,0.2501321473566383,0.0005,2.0836267060410947,,
244,3.0,1.3,1.0,2.0,1.5,0.19005539166173663,0.7650271419455703,0.14539753309432435,0.0005,1.9797978289876441,,
245,3.0,2.0,1.0,2.0,1.5,0.2485841899842202,2.057761838232647,0.5115270597375025,0.0005,1.3328442819930046,,
246,3.0,1.8,1.0,2.0,1.5,0.2521688799195344,2.1345524904725557,0.538267710651917,0.0005,2.4913738608787903,,
247,3.0,1.85,1.0,2.0,1.5,0.1220689467835213,1.4611836698527882,0.17836515163621036,0.0005,2.0002751968481722,,
248,3.0,2.7,1.0,2.0,1.5,0.10589333742971754,1.6767424715333363,0.17755585632081813,0.0005,2.2536202477978433,,
249,3.0,1.9500000000000002,1.0,2.0,1.5,0.2658828497114759,1.2479986657530466,0.33182144168653976,0.0005,2.1709276850410975,,
250,3.0,1.3,1.0,2.0,1.5,0.14481614708042082,1.7320138307787405,0.25082356966337715,0.0005,1.7567786732415689,,
251,3.0,1.1,1.0,2.0,1.5,0.28080396236114824,0.7089703618464056,0.19908168680308772,0.0005,1.76150357918457,,
252,3.0,1.6,1.0,2.0,1.5,0.1358573269867914,2.0550637813731223,0.2791954721247203,0.0005,1.3610922904241343,,
253,3.0,2.6500000000000004,1.0,2.0,1.5,0.15520629522740376,0.7975708799030965,0.12378802145102018,0.0005,2.230097074650363,,
254,3.0,1.0,1.0,2.0,1.5,0.2810490154854183,2.3830540453582882,0.6697549932964902,0.0005,1.2182615103018934,,
255,3.0,1.5,1.0,2.0,1.5,0.25526617804374996,0.571095567941168,0.14578138292606668,0.0005,1.2486855352166,,
256,3.0,2.3000000000000003,1.0,2.0,1.5,0.28564460602433256,1.4062197678290786,0.40167909156516557,0.0005,2.242872299316688,,
257,3.0,1.6500000000000001,1.0,2.0,1.5,0.16717849349820307,1.8615179214480582,0.3112057617275927,0.0005,1.735027150420573,,
258,3.0,2.4000000000000004,1.0,2.0,1.5,0.16618200335650765,1.0176618455994233,0.16911708424119312,0.0005,2.1198126305542475,,
259,3.0,1.9000000000000001,1.0,2.0,1.5,0.12212930369058073,2.1708683245938465,0.26512663688658406,0.0005,2.0492837475083028,,
260,3.0,1.6,1.0,2.0,1.5,0.23789753887487258,0.7518464273493668,0.17886241467828004,0.0005,2.295321210300477,,
261,3.0,1.7000000000000002,1.0,2.0,1.5,0.2683224224106246,1.8223534549623739,0.48897829352387523,0.0005,1.2270285328942738,,
262,3.0,2.95,1.0,2.0,1.5,0.26658015820263115,1.5158517992116909,0.4040960124455956,0.0005,1.0507018343654417,,
263,3.0,2.15,1.0,2.0,1.5,0.17334318535657087,2.4619825077043602,0.42676789017763206,0.0005,2.1208657224125598,,
264,3.0,1.1500000000000001,1.0,2.0,1.5,0.25917850186399616,1.4727099527331489,0.38169475922957413,0.0005,1.8019438383225572,,
265,3.0,2.5500000000000003,1.0,2.0,1.5,0.22146977289094602,2.3943632918227955,0.5302790944584125,0.0005,1.9173487064778372,,
266,3.0,2.15,1.0,2.0,1.5,0.15340468137886248,1.4063975314331043,0.2157479652015141,0.0005,2.18179587181457,,
267,3.0,2.3000000000000003,1.0,2.0,1.5,0.28139825899565196,1.1752602884746164,0.33071619904348476,0.0005,1.0540275844315505,,
268,3.0,1.1,1.0,2.0,1.5,0.23552269126202438,1.992148308130177,0.4691961309239079,0.0005,2.47774354249798,,
269,3.0,1.4000000000000001,1.0,2.0,1.5,0.1667985711578928,0.7812209744743148,0.13030654230089234,0.0005,1.647668740216936,,
270,3.0,1.3,1.0,2.0,1.5,0.22470759535889648,1.6989438781428283,0.38176559350719297,0.0005,2.3068857449061624,,
271,3.0,2.5,1.0,2.0,1.5,0.18954432823514233,2.0713062219457647,0.3926043464079806,0.0005,1.3844062380949693,,
272,3.0,1.5,1.0,2.0,1.5,0.18050069903274668,1.7553968697668636,0.31685036207281425,0.0005,2.076563710373776,,
273,3.0,2.9000000000000004,1.0,2.0,1.5,0.27498942717307384,2.294242823686538,0.6308925198814966,0.0005,1.570352969382039,,
274,3.0,2.4000000000000004,1.0,2.0,1.5,0.2749006683653641,1.2947332966081078,0.35592304859246,0.0005,2.1738571041351173,,
275,3.0,2.8000000000000003,1.0,2.0,1.5,0.2611576676853531,1.6160021510073879,0.4220313527316032,0.0005,2.2965831978869677,,
276,3.0,1.5,1.0,2.0,1.5,0.2880705728189207,0.6355661130221999,0.1830878942426,0.0005,2.0668920971534357,,
277,3.0,2.5500000000000003,1.0,2.0,1.5,0.1480115354982698,0.9554405555743042,0.14141622370787274,0.0005,1.9587891791969403,,
278,3.0,1.5,1.0,2.0,1.5,0.2486209759713213,1.6550242286577237,0.4114737389850665,0.0005,1.169292564405203,,
279,3.0,2.6,1.0,2.0,1.5,0.10244739716770145,2.4221711455679813,0.24814512935814936,0.0005,1.9495052080989486,,
280,3.0,1.3,1.0,2.0,1.5,0.2591660720571386,2.0990699125370735,0.5440077042055548,0.0005,1.6088461059870762,,
281,3.0,1.25,1.0,2.0,1.5,0.254194430156398,0.9746154658812958,0.2477418229713083,0.0005,2.1158389716600126,,
282,3.0,2.6,1.0,2.0,1.5,0.1581943241523611,2.0327554531733165,0.3215703750817793,0.0005,2.027137204943876,,
283,3.0,2.95,1.0,2.0,1.5,0.18867504671014684,1.052699233837485,0.19861807711602328,0.0005,1.6168324373749585,,
284,3.0,1.75,1.0,2.0,1.5,0.17026409386915095,2.0710111961885134,0.35261884471190363,0.0005,1.1389592845919612,,
285,3.0,1.8,1.0,2.0,1.5,0.11189642568040246,2.3857972049279983,0.2669621796297377,0.0005,1.7969463330657867,,
286,3.0,2.5,1.0,2.0,1.5,0.2126612811260655,1.3233559029481252,0.2814265617066895,0.0005,2.435128466843078,,
287,3.0,2.25,1.0,2.0,1.5,0.26513440791004766,2.490947675646721,0.6604359371175028,0.0005,1.5378865339577672,,
288,3.0,1.75,1.0,2.0,1.5,0.12277747714638856,2.13977550671773,0.26271623837443814,0.0005,2.0350087343354257,,
289,3.0,1.5,1.0,2.0,1.5,0.19416260654180534,1.2001495684882846,0.23302416845770826,0.0005,1.4287564454659696,,
290,3.0,1.25,1.0,2.0,1.5,0.1427750236193545,1.2541703229598098,0.1790641974832803,0.0005,1.0445616726728293,,
291,3.0,2.15,1.0,2.0,1.5,0.2150300544752357,1.0969594579908537,0.2358792520088983,0.0005,2.278310489253877,,
292,3.0,1.2000000000000002,1.0,2.0,1.5,0.23391241740724647,0.5801033881742463,0.13569338587397223,0.0005,1.6478802007572564,,
293,3.0,2.7,1.0,2.0,1.5,0.1499132670659869,1.4841666950619825,0.22249627812727013,0.0005,2.366470741191011,,
294,3.0,1.3,1.0,2.0,1.5,0.2219804753386887,1.361458338142835,0.30221716905476764,0.0005,1.8475125141629574,,
295,3.0,1.1,1.0,2.0,1.5,0.20778120123076066,1.4619729354738256,0.3037704926996128,0.0005,2.0268912670355306,,
296,3.0,1.5,1.0,2.0,1.5,0.18730537481101273,0.9816981485969223,0.1838773396742238,0.0005,2.2883433784686824,,
297,3.0,1.9500000000000002,1.0,2.0,1.5,0.1836054997584777,1.9871508654626322,0.3648518277487581,0.0005,2.268844231630168,,
298,3.0,1.1,1.0,2.0,1.5,0.14420817963043442,2.115834189163471,0.3051205968191004,0.0005,1.2847596052197288,,
299,3.0,1.3,1.0,2.0,1.5,0.17102588369431085,1.3080175453091614,0.2237048565741626,0.0005,1.1725319358885125,,
300,3.0,2.95,1.0,2.0,1.5,0.12966141840524245,0.8608186837564191,0.11161497152559115,0.0005,1.0923839967267779,,
301,3.0,1.4000000000000001,1.0,2.0,1.5,0.10281109391425379,2.079357371895705,0.21378100604326525,0.0005,1.8752255058514282,,
302,3.0,2.25,1.0,2.0,1.5,0.16354335762517586,1.899159605537507,0.3105949385557084,0.0005,2.342110890761888,,
303,3.0,2.85,1.0,2.0,1.5,0.2549799864990303,2.092230698895514,0.5334769553572349,0.0005,2.2905475945115064,,
304,3.0,1.0,1.0,2.0,1.5,0.13117176134270503,1.8834464474122452,0.24705498790172467,0.0005,1.777246593061599,,
305,3.0,2.25,1.0,2.0,1.5,0.13944901702624096,0.5984460340535902,0.08345271119202548,0.0005,1.8590537477174531,,
306,3.0,1.1500000000000001,1.0,2.0,1.5,0.13577547373012447,0.6042856981077165,0.08204717692891418,0.0005,1.4295223465559148,,
307,3.0,1.9500000000000002,1.0,2.0,1.5,0.22788021501551978,0.6561468002398072,0.14952287392039257,0.0005,1.288340338937548,,
308,3.0,2.8000000000000003,1.0,2.0,1.5,0.2583351967832017,0.7462824229493883,0.1927910165884748,0.0005,1.7858330803209963,,
309,3.0,2.85,1.0,2.0,1.5,0.1089887348858803,1.710880880183249,0.18646674267161367,0.0005,2.447553063164836,,
310,3.0,2.9000000000000004,1.0,2.0,1.5,0.142789634075309,0.5724574579067359,0.08174099093818442,0.0005,2.06559441018603,,
311,3.0,1.4000000000000001,1.0,2.0,1.5,0.22517099873600346,0.9771371777253781,0.2200229542105031,0.0005,2.4610693292757384,,
312,3.0,2.35,1.0,2.0,1.5,0.24080417760366393,0.6151438925346058,0.14812921914971236,0.0005,1.0619322354982952,,
313,3.0,2.15,1.0,2.0,1.5,0.10571410020477273,1.8962281945643638,0.20045805737129244,0.0005,2.2688628891422313,,
314,3.0,1.4500000000000002,1.0,2.0,1.5,0.19875715350874795,1.675898688068834,0.33309685280960655,0.0005,2.3795285267968636,,
315,3.0,2.45,1.0,2.0,1.5,0.2915851175575379,1.679386416856929,0.48968408578376,0.0005,1.225921633561156,,
316,3.0,1.9000000000000001,1.0,2.0,1.5,0.17683831944368464,2.4351919982585604,0.43063526049475204,0.0005,1.76499680152852,,
317,3.0,1.4500000000000002,1.0,2.0,1.5,0.2427657074458476,1.8130023653578955,0.44013480182710457,0.0005,1.719060873031169,,
318,3.0,1.55,1.0,2.0,1.5,0.12910534868604812,0.9151359844722555,0.11814895037044046,0.0005,1.3157974583553125,,
319,3.0,2.75,1.0,2.0,1.5,0.2346410206141077,1.4841152319237094,0.3482343127275223,0.0005,2.238186154905706,,
320,3.0,2.7,1.0,2.0,1.5,0.2692380678541534,1.078861183587561,0.29047050055196,0.0005,1.8440568363307264,,
321,3.0,2.6500000000000004,1.0,2.0,1.5,0.1578384548847687,1.660732295396439,0.2621274194826092,0.0005,1.1788713619613589,,
322,3.0,1.5,1.0,2.0,1.5,0.12302459789505649,1.9736090521926306,0.24280246004804193,0.0005,1.106487951383655,,
323,3.0,1.3,1.0,2.0,1.5,0.2939217299946915,1.7612398829352987,0.517666673327991,0.0005,1.7040221089164813,,
324,3.0,2.6500000000000004,1.0,2.0,1.5,0.26953910793230595,1.4203702525225994,0.38284533079852556,0.0005,1.8054720008208798,,
325,3.0,1.05,1.0,2.0,1.5,0.1914277665372511,1.8890140719477473,0.3616097447503954,0.0005,2.0415053663620943,,
326,3.0,1.8,1.0,2.0,1.5,0.16933593462887786,0.6593099913174751,0.111644873589902,0.0005,1.935165116829155,,
327,3.0,1.3,1.0,2.0,1.5,0.24191507797051606,1.1433998014881752,0.2766056521284845,0.0005,2.103253076185913,,
328,3.0,2.6500000000000004,1.0,2.0,1.5,0.12488100979070366,2.012465356628378,0.2513187059045604,0.0005,2.037915837978402,,
329,3.0,2.45,1.0,2.0,1.5,0.23235454270216194,0.869095200445158,0.20193821786407845,0.0005,2.3720420442339503,,
330,3.0,2.4000000000000004,1.0,2.0,1.5,0.18509175229976954,0.540115812212409,0.09997098212720805,0.0005,2.279722873246217,,
331,3.0,1.3,1.0,2.0,1.5,0.29962665652835785,1.1395328396384576,0.3414344147451364,0.0005,2.2356271618173786,,
332,3.0,2.35,1.0,2.0,1.5,0.17588608444048814,2.2975948665461106,0.4041149647073613,0.0005,2.0430138969678584,,
333,3.0,1.4500000000000002,1.0,2.0,1.5,0.22246102803222365,1.6949065496966387,0.3770506534640634,0.0005,1.5678414949061255,,
334,3.0,1.3,1.0,2.0,1.5,0.2369846933154638,1.6110071215646073,0.3817840286330166,0.0005,1.1488004170951025,,
335,3.0,2.9000000000000004,1.0,2.0,1.5,0.20794206290070635,0.8399666769949448,0.1746644035821801,0.0005,2.2220434603644597,,
336,3.0,1.35,1.0,2.0,1.5,0.10309722935214578,2.401006685142421,0.24753713689416348,0.0005,2.3217229539945277,,
337,3.0,1.1,1.0,2.0,1.5,0.23439277806884307,1.872489382498505,0.43889798826823706,0.0005,1.611031032004946,,
338,3.0,1.85,1.0,2.0,1.5,0.2840705149266509,1.4593544326035461,0.41455956513017983,0.0005,2.1921392064212726,,
339,3.0,1.4500000000000002,1.0,2.0,1.5,0.1697232679255283,1.5470642723620787,0.2625728039961216,0.0005,1.0986947145577197,,
340,3.0,2.85,1.0,2.0,1.5,0.2887068937558577,1.3087413880412009,0.3778426608711047,0.0005,1.5959294573283707,,
341,3.0,2.5500000000000003,1.0,2.0,1.5,0.1354409198317938,1.742896152197028,0.23605945802485956,0.0005,2.3663255076292184,,
342,3.0,1.7000000000000002,1.0,2.0,1.5,0.2925124568709938,0.7606797678496504,0.22250830778575845,0.0005,1.2275719228304685,,
343,3.0,2.5,1.0,2.0,1.5,0.255115327166015,1.1221024078473611,0.2862655228917527,0.0005,2.21974848617874,,
344,3.0,1.9000000000000001,1.0,2.0,1.5,0.2721575056203315,0.8698701338950825,0.23674168585450941,0.0005,1.0242440379530766,,
345,3.0,1.35,1.0,2.0,1.5,0.2827711970183771,2.0319787418642403,0.5745850611528471,0.0005,2.042520368077952,,
346,3.0,1.85,1.0,2.0,1.5,0.16498500018314705,1.476386104506611,0.24358156172241896,0.0005,1.430921367329741,,
347,3.0,1.8,1.0,2.0,1.5,0.11321404826044715,0.941952999482621,0.10664231234249841,0.0005,1.740479787481984,,
348,3.0,1.6,1.0,2.0,1.5,0.15113204797376079,0.8798678513710452,0.13297623032397862,0.0005,2.2312662153157845,,
349,3.0,2.3000000000000003,1.0,2.0,1.5,0.18480388263995468,1.034635719615043,0.19120469810284346,0.0005,1.2400778709769438,,
350,3.0,2.85,1.0,2.0,1.5,0.16926441100256795,2.29609791006721,0.3886476603517536,0.0005,1.2321380009126934,,
351,3.0,2.7,1.0,2.0,1.5,0.21885589651668663,2.0018471379214287,0.4381160500591575,0.0005,2.1129355869443422,,
352,3.0,2.8000000000000003,1.0,2.0,1.5,0.23818743416616064,0.7510937359360579,0.17890108978088543,0.0005,1.250579177352913,,
353,3.0,2.3000000000000003,1.0,2.0,1.5,0.2892597223187299,1.469545426009442,0.4250803018622508,0.0005,1.6173384602176315,,
354,3.0,2.85,1.0,2.0,1.5,0.28114107330936144,0.9893719579073523,0.2781530941482574,0.0005,2.092901939306694,,
355,3.0,1.05,1.0,2.0,1.5,0.22693455670665133,1.1492188929526603,0.2607974800311206,0.0005,2.4639643289485305,,
356,3.0,2.8000000000000003,1.0,2.0,1.5,0.23229930235383503,1.314689757446588,0.30540151346657496,0.0005,2.037371248163834,,
357,3.0,1.9000000000000001,1.0,2.0,1.5,0.25140370828945535,1.1965620126075995,0.30082012716784456,0.0005,1.236576900036679,,
358,3.0,2.35,1.0,2.0,1.5,0.11960304474826643,0.9188691393634547,0.10989954679308833,0.0005,2.4180792578751737,,
359,3.0,1.25,1.0,2.0,1.5,0.23872891462615886,2.3713699569244504,0.5661145759936551,0.0005,1.6357087801014296,,
360,3.0,1.85,1.0,2.0,1.5,0.15576791372595652,0.729249345672101,0.11359364916136207,0.0005,2.22743139528428,,
361,3.0,1.4000000000000001,1.0,2.0,1.5,0.247484599841815,1.7662755710954183,0.43712600292292286,0.0005,1.8130987153340925,,
362,3.0,1.55,1.0,2.0,1.5,0.12697778245167127,0.5097069743315239,0.06472146130076784,0.0005,1.5695071753223533,,
363,3.0,2.9000000000000004,1.0,2.0,1.5,0.24321794774153108,2.316003035723492,0.5632935053118237,0.0005,1.801040581800558,,
364,3.0,1.3,1.0,2.0,1.5,0.10804403723300555,1.6271441978591736,0.1758032282969655,0.0005,2.1955999022341475,,
365,3.0,2.7,1.0,2.0,1.5,0.23892413443354846,2.4718221700482124,0.5905779724524246,0.0005,1.2593035811008615,,
366,3.0,1.0,1.0,2.0,1.5,0.209207113336181,0.9711614507684767,0.20317388369865066,0.0005,1.7984902117142343,,
367,3.0,1.8,1.0,2.0,1.5,0.10693593272377658,0.990993064612006,0.10597276768707865,0.0005,2.4297803193072003,,
368,3.0,2.85,1.0,2.0,1.5,0.15898984170025193,2.2594414710618587,0.35922824181510926,0.0005,1.0631382803564484,,
369,3.0,1.2000000000000002,1.0,2.0,1.5,0.10637827197536034,0.9275387936532753,0.09866997405894576,0.0005,1.4458016186921028,,
370,3.0,2.6500000000000004,1.0,2.0,1.5,0.13557218345685307,1.2565979168064274,0.17035972330878035,0.0005,2.3476655081228004,,
371,3.0,2.2,1.0,2.0,1.5,0.2717031765962227,2.16426895664923,0.5880387505301883,0.0005,1.7378581431126774,,
372,3.0,1.55,1.0,2.0,1.5,0.2899296461464096,1.1447859877505573,0.33190739634188704,0.0005,1.9743508465367492,,
373,3.0,1.8,1.0,2.0,1.5,0.18939957130484913,1.4161898052718027,0.2682257420047772,0.0005,1.834857532160754,,
374,3.0,2.0,1.0,2.0,1.5,0.16729846357925432,0.8336502410956796,0.13946840449778214,0.0005,1.4728444089760246,,
375,3.0,2.95,1.0,2.0,1.5,0.11355425740336936,2.0208580707863804,0.22947703754575305,0.0005,1.7523961889057706,,
376,3.0,1.0,1.0,2.0,1.5,0.11259871115684242,2.002837480809437,0.22551691899575974,0.0005,2.266106741907111,,
377,3.0,2.4000000000000004,1.0,2.0,1.5,0.255119123882639,1.6297725769221076,0.415786151952319,0.0005,2.186753864265672,,
378,3.0,1.1500000000000001,1.0,2.0,1.5,0.1611682987180873,1.9449335080467074,0.3134616246116892,0.0005,1.2444041185878607,,
379,3.0,1.4000000000000001,1.0,2.0,1.5,0.1783153011968163,1.474050965171749,0.2628458418340582,0.0005,1.4054165039421314,,
380,3.0,1.2000000000000002,1.0,2.0,1.5,0.10771720105987259,1.146199658965489,0.12346541911954298,0.0005,2.09723833233222,,
381,3.0,2.2,1.0,2.0,1.5,0.2277982286262962,0.5648893095609229,0.12868078408790973,0.0005,1.9639279724762488,,
382,3.0,2.0,1.0,2.0,1.5,0.1927844213188507,1.389941343629347,0.2679590375987295,0.0005,1.3580988436116384,,
383,3.0,2.45,1.0,2.0,1.5,0.18784807343154428,0.6151532953264336,0.11555536139213635,0.0005,2.1590112521572173,,
384,3.0,2.75,1.0,2.0,1.5,0.2622267169340937,1.9116806482137971,0.5012937402075441,0.0005,1.8441405538439386,,
385,3.0,1.6,1.0,2.0,1.5,0.1510993648604732,2.1227688537638008,0.320749025549305,0.0005,2.056020638327429,,
386,3.0,1.75,1.0,2.0,1.5,0.1634943733729717,0.9887588782552741,0.16165651321730845,0.0005,1.176810356267501,,
387,3.0,2.45,1.0,2.0,1.5,0.2689456726155433,2.4187045906151114,0.6505001329812835,0.0005,2.098234120661662,,
388,3.0,2.95,1.0,2.0,1.5,0.16307183471723305,2.45709201234889,0.40068250252279175,0.0005,1.4455035027133338,,
389,3.0,2.5,1.0,2.0,1.5,0.21578171358689907,1.1767756708190564,0.25392667075670866,0.0005,2.497524727634361,,
390,3.0,2.1,1.0,2.0,1.5,0.11848599931445342,1.8749243319804574,0.2221522831136885,0.0005,2.22322533369733,,
391,3.0,1.2000000000000002,1.0,2.0,1.5,0.10986523722564141,1.476219621836005,0.16218521895015936,0.0005,1.1273420508227074,,
392,3.0,2.25,1.0,2.0,1.5,0.25858075652924983,0.8215371692243261,0.21243370273492457,0.0005,1.3223649815216845,,
393,3.0,1.75,1.0,2.0,1.5,0.2010181678571019,0.9514432887274311,0.19125738671992382,0.0005,1.6850343090725857,,
394,3.0,2.25,1.0,2.0,1.5,0.23864208491134167,1.1649186034145755,0.2779986042708627,0.0005,1.0144863986986037,,
395,3.0,1.9500000000000002,1.0,2.0,1.5,0.1440074736484031,2.4516490719694684,0.35305578912677515,0.0005,1.244285760585798,,
396,3.0,1.25,1.0,2.0,1.5,0.15182117200124018,2.252712653159323,0.3420094751846717,0.0005,1.8438066851021258,,
397,3.0,1.85,1.0,2.0,1.5,0.2083426568464939,1.901305181672521,0.3961229730256588,0.0005,1.2994957756102008,,
398,3.0,2.7,1.0,2.0,1.5,0.2815325814976879,1.2142009709467483,0.3418371338076372,0.0005,1.453738073368789,,
399,3.0,2.35,1.0,2.0,1.5,0.2871509998782098,1.3766769432682602,0.3953141607687584,0.0005,1.1068897350596383,,
400,3.0,2.4000000000000004,1.0,2.0,1.5,0.2400568729420315,1.407796040739715,0.33795111528014876,0.0005,1.8125015307700427,,
401,3.0,1.35,1.0,2.0,1.5,0.15756923786916746,1.9954568244052597,0.3144226110223659,0.0005,1.5681993572346427,,
402,3.0,2.0500000000000003,1.0,2.0,1.5,0.28610869165662167,2.294378854298648,0.6564417321680047,0.0005,1.132688464234677,,
403,3.0,2.6,1.0,2.0,1.5,0.22432315356899196,1.6014920283314844,0.35925174221092,0.0005,1.241429510295076,,
404,3.0,2.1,1.0,2.0,1.5,0.17904091525400492,2.2131506093526068,0.3962445106934494,0.0005,1.8505694430064161,,
405,3.0,2.4000000000000004,1.0,2.0,1.5,0.16944062311109429,1.9266271881900332,0.3264489112696947,0.0005,1.0519296650045622,,
406,3.0,1.6,1.0,2.0,1.5,0.29534165993415085,1.5750157272409235,0.4651677593057281,0.0005,2.273377284976988,,
407,3.0,2.85,1.0,2.0,1.5,0.18188193912968756,1.039761383225976,0.1891138166133067,0.0005,1.7533210088235756,,
408,3.0,1.7000000000000002,1.0,2.0,1.5,0.2878244425227722,0.6503125084297898,0.18717583520438982,0.0005,1.6632296743378796,,
409,3.0,1.4500000000000002,1.0,2.0,1.5,0.1594240756705055,1.4102410802111423,0.22482638068523658,0.0005,2.1785073897448757,,
410,3.0,2.75,1.0,2.0,1.5,0.2562513136376748,1.7684893906350105,0.45317772950451246,0.0005,1.1450135873879184,,
411,3.0,1.35,1.0,2.0,1.5,0.23557392189436668,0.610313161793977,0.14377386510755832,0.0005,1.5809471749766772,,
412,3.0,1.9000000000000001,1.0,2.0,1.5,0.12484773797157872,1.5598825091534156,0.19474780276923437,0.0005,2.4372204228352428,,
413,3.0,2.2,1.0,2.0,1.5,0.1660137068827888,0.5886941279252844,0.09773129439700713,0.0005,1.4416475391803965,,
414,3.0,2.75,1.0,2.0,1.5,0.14180085927918834,1.0358152691787794,0.1468794952240547,0.0005,1.8742985724819374,,
415,3.0,1.25,1.0,2.0,1.5,0.26778589951505105,1.3965829195486574,0.3739852133586934,0.0005,2.214419615841725,,
416,3.0,1.9500000000000002,1.0,2.0,1.5,0.22753161056918395,0.6924251957905474,0.15754861999690578,0.0005,1.9682768681971274,,
417,3.0,2.5,1.0,2.0,1.5,0.14581956177150393,1.8718738459698514,0.27295582391086337,0.0005,1.9136198141091711,,
418,3.0,2.3000000000000003,1.0,2.0,1.5,0.1675404876013,1.662699004883847,0.278569402012436,0.0005,1.2382708427458375,,
419,3.0,1.4000000000000001,1.0,2.0,1.5,0.20616373952681563,0.9579288410636251,0.19749019207426557,0.0005,1.1129926371748664,,
420,3.0,2.75,1.0,2.0,1.5,0.21495682928677945,1.3659656097726394,0.29362363639150885,0.0005,2.036343014065419,,
421,3.0,1.4000000000000001,1.0,2.0,1.5,0.2738254565703862,1.332595221120608,0.36489849484686526,0.0005,1.8391104770452635,,
422,3.0,2.0,1.0,2.0,1.5,0.13639855820197969,2.0817565186838483,0.28394858767604947,0.0005,1.7990443343955447,,
423,3.0,1.2000000000000002,1.0,2.0,1.5,0.21303477262478815,1.2352692162616383,0.2631552966166984,0.0005,1.8938202572725116,,
424,3.0,1.35,1.0,2.0,1.5,0.2423835495408985,1.307841294687162,0.31699921524243857,0.0005,1.8953006220501014,,
425,3.0,1.8,1.0,2.0,1.5,0.2267392683112142,0.9434916751056306,0.2139266120711725,0.0005,2.1632290352297585,,
426,3.0,2.0,1.0,2.0,1.5,0.26279395693990576,1.9327266734425548,0.50790889019727,0.0005,1.1575733584894223,,
427,3.0,1.5,1.0,2.0,1.5,0.17218164958890722,1.072854188857808,0.18472580400590638,0.0005,2.4088930173704726,,
428,3.0,1.1,1.0,2.0,1.5,0.18576632555586275,0.9679072645935538,0.1798045760223707,0.0005,1.2445319895064892,,
429,3.0,2.95,1.0,2.0,1.5,0.17992950124105234,0.5436248104099886,0.09781414099933088,0.0005,2.0894419512476317,,
430,3.0,1.9000000000000001,1.0,2.0,1.5,0.19318703995321274,1.6812793780488307,0.32480138637963213,0.0005,2.166616297828675,,
431,3.0,1.9500000000000002,1.0,2.0,1.5,0.2827489810620204,0.9152192394640848,0.2587773074068272,0.0005,1.1090315254001357,,
432,3.0,2.0500000000000003,1.0,2.0,1.5,0.2785708776170081,2.3742305826499353,0.661391497073933,0.0005,2.2123593224873774,,
433,3.0,2.3000000000000003,1.0,2.0,1.5,0.13476615581923063,1.3078955594953179,0.17626005676622583,0.0005,1.9943623116501976,,
434,3.0,1.25,1.0,2.0,1.5,0.2375290501444378,1.3928759488061992,0.33084850108896907,0.0005,2.387887258734473,,
435,3.0,2.8000000000000003,1.0,2.0,1.5,0.25893360662687326,1.977066414205692,0.5119289371711395,0.0005,2.237415419611044,,
436,3.0,2.6,1.0,2.0,1.5,0.15537604466074928,1.065670539325926,0.16557967331194987,0.0005,1.6939412760887353,,
437,3.0,1.25,1.0,2.0,1.5,0.28684444830927003,0.7417788826730809,0.21277515436782662,0.0005,1.1750676701637104,,
438,3.0,1.3,1.0,2.0,1.5,0.1725348291800503,2.039168957417801,0.3518276677373416,0.0005,1.6691323672178915,,
439,3.0,2.85,1.0,2.0,1.5,0.28351256134445413,0.5786414280734244,0.1640521133731093,0.0005,1.936920801550627,,
440,3.0,1.1,1.0,2.0,1.5,0.12652683804502873,0.6491049650549343,0.08212919878772972,0.0005,1.307549901250258,,
441,3.0,1.3,1.0,2.0,1.5,0.19557713205260727,1.3184862158096127,0.2578657527389391,0.0005,1.7134503746184402,,
442,3.0,2.0500000000000003,1.0,2.0,1.5,0.2436602898603414,1.9200079343867387,0.4678296898268281,0.0005,1.9028236728436219,,
443,3.0,2.9000000000000004,1.0,2.0,1.5,0.24572992278090758,2.4911022502348867,0.6121383635895639,0.0005,2.4802113110689614,,
444,3.0,1.0,1.0,2.0,1.5,0.23728431943031175,0.8267609422184787,0.19617740750587503,0.0005,2.2975396541531303,,
445,3.0,1.1500000000000001,1.0,2.0,1.5,0.2433299200168047,1.7546773819950714,0.426965507016157,0.0005,1.2210829924107316,,
446,3.0,2.4000000000000004,1.0,2.0,1.5,0.20291099560813902,2.4130171902199473,0.4896277204870837,0.0005,1.4704321850091453,,
447,3.0,1.55,1.0,2.0,1.5,0.20879588668638627,2.442317380573823,0.5099458230464837,0.0005,2.2245653556979947,,
448,3.0,2.5500000000000003,1.0,2.0,1.5,0.12736891852326854,2.2582057717113333,0.28762522694587556,0.0005,2.3288874017833927,,
449,3.0,2.95,1.0,2.0,1.5,0.2546309111060058,1.6147293902672248,0.4111600158333886,0.0005,1.0641016522256637,,
450,3.0,2.45,1.0,2.0,1.5,0.1728411400253731,1.2381243508167643,0.21399882428834452,0.0005,1.7228454838410787,,
451,3.0,2.6500000000000004,1.0,2.0,1.5,0.19781898837980624,2.0388689125861754,0.40332698572683284,0.0005,1.046990735707704,,
452,3.0,2.8000000000000003,1.0,2.0,1.5,0.2558418698615491,0.8760732363693107,0.22413621492838334,0.0005,1.3488551994602895,,
453,3.0,2.35,1.0,2.0,1.5,0.20405653556747536,2.3816833122949905,0.48599804552578524,0.0005,1.0155136867874277,,
454,3.0,2.5500000000000003,1.0,2.0,1.5,0.15490902785837057,1.8290073665206457,0.2833297530935117,0.0005,2.346067548044781,,
455,3.0,2.35,1.0,2.0,1.5,0.1385504179671555,0.6909328303152011,0.09572903242740084,0.0005,2.0536315952067064,,
456,3.0,2.25,1.0,2.0,1.5,0.2217545915617976,1.578488259984518,0.3500370193779594,0.0005,1.9835927998773326,,
457,3.0,1.25,1.0,2.0,1.5,0.23327572241024133,2.2122499676877325,0.5160642093643888,0.0005,1.5894519727875396,,
458,3.0,2.85,1.0,2.0,1.5,0.28982402153835995,1.9576791619901663,0.5673824476098365,0.0005,1.5197799435962915,,
459,3.0,2.0,1.0,2.0,1.5,0.1787149167754074,1.4855210694697916,0.265484774298408,0.0005,1.1815743396732583,,
460,3.0,1.25,1.0,2.0,1.5,0.10163180372396015,1.9978816137923203,0.20304831203664986,0.0005,2.3059699102797047,,
461,3.0,1.9500000000000002,1.0,2.0,1.5,0.10118180157633459,1.3103167793794939,0.13258021237331774,0.0005,2.168018033470119,,
462,3.0,2.3000000000000003,1.0,2.0,1.5,0.2847133721200761,0.8348362708394899,0.2376890498388603,0.0005,2.2402638598546147,,
463,3.0,2.6500000000000004,1.0,2.0,1.5,0.17382948217310998,2.3773641247815203,0.4132559747477005,0.0005,1.0390010711475575,,
464,3.0,1.3,1.0,2.0,1.5,0.15988239076759875,2.191900286976293,0.3504462582059555,0.0005,2.3627911939018795,,
465,3.0,2.8000000000000003,1.0,2.0,1.5,0.19587141349439513,2.327237254930855,0.45583925066012254,0.0005,1.5067460706982698,,
466,3.0,1.4500000000000002,1.0,2.0,1.5,0.13187087373379788,1.7787293412739764,0.23456259236974203,0.0005,2.391419039855313,,
467,3.0,2.6500000000000004,1.0,2.0,1.5,0.1491231791722905,1.1386525858002068,0.16979949356727614,0.0005,1.8037574615595249,,
468,3.0,1.9000000000000001,1.0,2.0,1.5,0.2989882824316802,1.7611389327341498,0.5265599046217457,0.0005,1.9117763519285136,,
469,3.0,1.75,1.0,2.0,1.5,0.2988728600389714,2.3203068907466013,0.6934767566055698,0.0005,1.0026103109436617,,
470,3.0,2.75,1.0,2.0,1.5,0.12629961373734647,1.9531286428782615,0.24667939317487214,0.0005,1.8885513145256836,,
471,3.0,1.75,1.0,2.0,1.5,0.18873774981490207,1.7059247329986909,0.32197239545976053,0.0005,2.4293700592046026,,
472,3.0,2.5,1.0,2.0,1.5,0.2618282749412417,0.9699553147836124,0.25396172683988233,0.0005,1.2041143087937611,,
473,3.0,2.1,1.0,2.0,1.5,0.16730159717017007,0.9992018683195281,0.167168068465275,0.0005,1.5444950080746849,,
474,3.0,1.3,1.0,2.0,1.5,0.16602895777522086,1.7004792678817362,0.2823288005647753,0.0005,2.3039229429312105,,
475,3.0,1.1,1.0,2.0,1.5,0.2640141108148697,0.719652557079713,0.1899984299530477,0.0005,2.3865008218887613,,
476,3.0,2.0,1.0,2.0,1.5,0.23700166539629877,2.3586565637533323,0.5590055337074511,0.0005,1.9395423523489619,,
477,3.0,1.6500000000000001,1.0,2.0,1.5,0.21678753750350785,1.1598847942327417,0.251448568329479,0.0005,2.425130295932755,,
478,3.0,2.5500000000000003,1.0,2.0,1.5,0.15201823417337706,0.7122560988446951,0.10827591442558886,0.0005,2.4796128594257,,
479,3.0,2.8000000000000003,1.0,2.0,1.5,0.17453762829289204,0.8796082805452785,0.15352474311316172,0.0005,1.1281405854199216,,
480,3.0,1.2000000000000002,1.0,2.0,1.5,0.22620555225208508,1.477017145985132,0.33410947919336537,0.0005,2.055051840263987,,
481,3.0,1.55,1.0,2.0,1.5,0.2703437323271001,2.318147570675969,0.6266966663415414,0.0005,2.2034811164119947,,
482,3.0,1.2000000000000002,1.0,2.0,1.5,0.1651671864433558,1.9126412933538048,0.31590558109862904,0.0005,1.1071351237010703,,
483,3.0,1.5,1.0,2.0,1.5,0.23544602804712036,1.8311750523142,0.43114289272635625,0.0005,1.410936454403276,,
484,3.0,1.6,1.0,2.0,1.5,0.2294343937623377,1.1312607023791377,0.2595501134375138,0.0005,1.5261684823261827,,
485,3.0,2.5500000000000003,1.0,2.0,1.5,0.13618386786557618,0.8586259890318368,0.11693100823626133,0.0005,2.0736347682160363,,
486,3.0,2.1,1.0,2.0,1.5,0.28074855116279374,1.5109015346530659,0.4241834168034898,0.0005,1.2830711609691376,,
487,3.0,2.75,1.0,2.0,1.5,0.15183744800043486,2.0321764619687634,0.30856048787188983,0.0005,2.0503150182365317,,
488,3.0,1.6,1.0,2.0,1.5,0.29118730319824015,2.296382675341678,0.6686774783439031,0.0005,1.045223315065289,,
489,3.0,2.5500000000000003,1.0,2.0,1.5,0.1099396854943692,1.4327377202157656,0.15751473435644078,0.0005,1.4067632051768713,,
490,3.0,1.2000000000000002,1.0,2.0,1.5,0.16596498020537412,1.3885257126378998,0.23044664241260204,0.0005,2.326490593086198,,
491,3.0,1.2000000000000002,1.0,2.0,1.5,0.2214165507865299,2.3652822747063036,0.5237126429019872,0.0005,1.3692875135881963,,
492,3.0,1.4000000000000001,1.0,2.0,1.5,0.2238163879802647,0.8322762288564152,0.186277059344479,0.0005,2.3815875884282267,,
493,3.0,1.9500000000000002,1.0,2.0,1.5,0.14470098588909766,2.3615332624043104,0.3417161912798009,0.0005,1.547675928388077,,
494,3.0,2.5500000000000003,1.0,2.0,1.5,0.2943754940987482,2.242003743607655,0.6599909597957466,0.0005,1.8644842207725205,,
495,3.0,2.6,1.0,2.0,1.5,0.1706058268922855,2.440802719462312,0.41641516623480695,0.0005,1.0433729029320213,,
496,3.0,2.3000000000000003,1.0,2.0,1.5,0.28774779386293636,0.5549886766957788,0.1596967673381208,0.0005,2.4738601875544033,,
497,3.0,1.6500000000000001,1.0,2.0,1.5,0.22737575351115652,1.8406666138813002,0.41852295829408964,0.0005,2.0480528295129985,,
498,3.0,2.5500000000000003,1.0,2.0,1.5,0.19388793427991002,1.995385888158779,0.38688124794638923,0.0005,1.5432607725366214,,
499,3.0,2.5500000000000003,1.0,2.0,1.5,0.16831148938870402,1.244163333271425,0.20940698366572807,0.0005,2.0017887594880737,,
